{
  "project_info": {
    "project_number": "1089805705198",
    "firebase_url": "https://samplepush-59726.firebaseio.com",
    "project_id": "samplepush-59726",
    "storage_bucket": "samplepush-59726.appspot.com"
  },
  "client": [
    {
      "client_info": {
        "mobilesdk_app_id": "1:1089805705198:android:e5638728ceef3893",
        "android_client_info": {
          "package_name": "org.androidtown.push"
        }
      },
      "oauth_client": [
        {
          "client_id": "1089805705198-r350bg6vo1v48ocn6k3vhr5v55oub1fn.apps.googleusercontent.com",
          "client_type": 3
        }
      ],
      "api_key": [
        {
          "current_key": "AIzaSyAUwAS_ri_Ie6FQ4zwjQZICtnbQgMr8aqk"
        }
      ],
      "services": {
        "analytics_service": {
          "status": 1
        },
        "appinvite_service": {
          "status": 1,
          "other_platform_oauth_client": []
        },
        "ads_service": {
          "status": 2
        }
      }
    }
  ],
  "configuration_version": "1"
}